<?xml version="1.0" encoding="UTF-8"?>
<errors>
  <error>
    <testSuiteName>http://ipwhois.app Test Suite</testSuiteName>
    <icon>rest_request_step.svg</icon>
    <detail>Status: FAIL
Time Taken: 46
Size: 765
Timestamp: Mon Jul 01 21:14:32 IST 2024
TestStep: Get Request

----------------- Messages ------------------------------
[JSONPath Match] Comparison failed. Path: [$['country']]; Expected value: ["United States"]; Actual value: [China].

----------------- Properties ------------------------------
HTTP Version: HTTP/1.1
Endpoint: http://ipwhois.app
Method: GET
StatusCode: 200
URL: http://ipwhois.app/json/42.186.71.186

---------------- Request ---------------------------
Connection: [Keep-Alive]
User-Agent: [Apache-HttpClient/4.5.14 (Java/17.0.10)]
Host: [ipwhois.app]
Accept-Encoding: [gzip,deflate,br]
Content-Length: [0]

GET http://ipwhois.app/json/42.186.71.186 HTTP/1.1
Accept-Encoding: gzip,deflate,br
Content-Length: 0
Host: ipwhois.app
Connection: Keep-Alive
User-Agent: Apache-HttpClient/4.5.14 (Java/17.0.10)


---------------- Response --------------------------
Transfer-Encoding: [chunked]
X-Robots-Tag: [noindex]
Server: [ipwhois]
Access-Control-Allow-Origin: [*]
Connection: [keep-alive]
#status#: [HTTP/1.1 200 OK]
Date: [Mon, 01 Jul 2024 15:44:33 GMT]
Access-Control-Allow-Headers: [*]
Content-Type: [application/json; charset=utf-8]

{"ip":"42.186.71.186","success":true,"type":"IPv4","continent":"Asia","continent_code":"AS","country":"China","country_code":"CN","country_flag":"https:\/\/cdn.ipwhois.io\/flags\/cn.svg","country_capital":"Beijing","country_phone":"+86","country_neighbours":"AF,BT,HK,IN,KG,KP,KZ,LA,MM,MN,MO,NP,PK,RU,TJ,VN","region":"Guangdong Province","city":"Guangzhou","latitude":23.12911,"longitude":113.264385,"asn":"AS45062","org":"Guangzhou Netease Computer System Co., LTD","isp":"Netease Building No.1 Ke Yun Road,","timezone":"Asia\/Shanghai","timezone_name":"CST","timezone_dstOffset":0,"timezone_gmtOffset":28800,"timezone_gmt":"+08:00","currency":"Chinese Yuan","currency_code":"CNY","currency_symbol":"\u00a5","currency_rates":7.268,"currency_plural":"Chinese yuan"}</detail>
    <testCaseName>Activity 4</testCaseName>
    <testStepName>Get Request</testStepName>
  </error>
</errors>