<?xml version="1.0" encoding="UTF-8"?>
<metrics>
  <metric>
    <icon>/delay_step.svg</icon>
    <name>Start Time</name>
    <category>Result Metrics</category>
    <value>Mon Jul 01 21:14:32 IST 2024</value>
    <valueIcon/>
  </metric>
  <metric>
    <icon>/delay_step.svg</icon>
    <name>End Time</name>
    <category>Result Metrics</category>
    <value>Mon Jul 01 21:14:33 IST 2024</value>
    <valueIcon/>
  </metric>
  <metric>
    <icon>/delay_step.svg</icon>
    <name>Time Taken</name>
    <category>Result Metrics</category>
    <value>1220 ms</value>
    <valueIcon/>
  </metric>
  <metric>
    <icon>/test_case.png</icon>
    <name>TestCase Count</name>
    <category>Result Metrics</category>
    <value>3</value>
    <valueIcon/>
  </metric>
  <metric>
    <icon>/test_case.png</icon>
    <name>Failed TestCase Count</name>
    <category>Result Metrics</category>
    <value>1</value>
    <valueIcon/>
  </metric>
  <metric>
    <icon>/teststeps.gif</icon>
    <name>TestStep Count</name>
    <category>Result Metrics</category>
    <value>51</value>
    <valueIcon/>
  </metric>
  <metric>
    <icon>/teststeps.gif</icon>
    <name>Failed TestStep Count</name>
    <category>Result Metrics</category>
    <value>1</value>
    <valueIcon/>
  </metric>
  <metric>
    <icon>/assertions.png</icon>
    <name>Assertion Count</name>
    <category>Result Metrics</category>
    <value>28</value>
    <valueIcon/>
  </metric>
  <metric>
    <icon>/assertions.png</icon>
    <name>Failed Assertion Count</name>
    <category>Result Metrics</category>
    <value>1</value>
    <valueIcon/>
  </metric>
</metrics>