<?xml version="1.0" encoding="UTF-8"?>
<testSuite>
  <testCase>
    <disabledInTestHierarchy>false</disabledInTestHierarchy>
    <loadTestCount>0</loadTestCount>
    <label>Activity 4</label>
    <securityTestCount>0</securityTestCount>
    <testStepCount>3</testStepCount>
    <disabled>false</disabled>
  </testCase>
  <testCase>
    <disabledInTestHierarchy>false</disabledInTestHierarchy>
    <loadTestCount>0</loadTestCount>
    <label>Activity 5</label>
    <securityTestCount>0</securityTestCount>
    <testStepCount>3</testStepCount>
    <disabled>false</disabled>
  </testCase>
  <testCase>
    <disabledInTestHierarchy>false</disabledInTestHierarchy>
    <loadTestCount>0</loadTestCount>
    <label>Activity 6</label>
    <securityTestCount>0</securityTestCount>
    <testStepCount>5</testStepCount>
    <disabled>false</disabled>
  </testCase>
</testSuite>