<?xml version="1.0" encoding="UTF-8"?>
<testSuiteResults>
  <testCase>
    <reason>Failing due to failed test step</reason>
    <timeTaken>186</timeTaken>
    <startTime>21:14:32</startTime>
    <testCaseName>Activity 4</testCaseName>
    <status>FAIL</status>
    <testCaseId>de987c1e-9208-43f1-b8a3-487749e2222b</testCaseId>
    <testStepParameters>
      <parameters>
        <iconPath>/teststeps.gif</iconPath>
        <testStepName>Data Source</testStepName>
      </parameters>
      <parameters>
        <iconPath>/rest_request_step.svg</iconPath>
        <testStepName>Get Request</testStepName>
      </parameters>
      <parameters>
        <iconPath>/teststeps.gif</iconPath>
        <testStepName>Data Source Loop</testStepName>
      </parameters>
      <parameters>
        <iconPath>/rest_request_step.svg</iconPath>
        <testStepName>Get Request</testStepName>
      </parameters>
      <parameters>
        <iconPath>/teststeps.gif</iconPath>
        <testStepName>Data Source Loop</testStepName>
      </parameters>
      <parameters>
        <iconPath>/rest_request_step.svg</iconPath>
        <testStepName>Get Request</testStepName>
      </parameters>
      <parameters>
        <iconPath>/teststeps.gif</iconPath>
        <testStepName>Data Source Loop</testStepName>
      </parameters>
    </testStepParameters>
    <failedTestSteps>
      <error>
        <testSuiteName>http://ipwhois.app Test Suite</testSuiteName>
        <icon>rest_request_step.svg</icon>
        <detail>Status: FAIL
Time Taken: 46
Size: 765
Timestamp: Mon Jul 01 21:14:32 IST 2024
TestStep: Get Request

----------------- Messages ------------------------------
[JSONPath Match] Comparison failed. Path: [$['country']]; Expected value: ["United States"]; Actual value: [China].

----------------- Properties ------------------------------
HTTP Version: HTTP/1.1
Endpoint: http://ipwhois.app
Method: GET
StatusCode: 200
URL: http://ipwhois.app/json/42.186.71.186

---------------- Request ---------------------------
Connection: [Keep-Alive]
User-Agent: [Apache-HttpClient/4.5.14 (Java/17.0.10)]
Host: [ipwhois.app]
Accept-Encoding: [gzip,deflate,br]
Content-Length: [0]

GET http://ipwhois.app/json/42.186.71.186 HTTP/1.1
Accept-Encoding: gzip,deflate,br
Content-Length: 0
Host: ipwhois.app
Connection: Keep-Alive
User-Agent: Apache-HttpClient/4.5.14 (Java/17.0.10)


---------------- Response --------------------------
Transfer-Encoding: [chunked]
X-Robots-Tag: [noindex]
Server: [ipwhois]
Access-Control-Allow-Origin: [*]
Connection: [keep-alive]
#status#: [HTTP/1.1 200 OK]
Date: [Mon, 01 Jul 2024 15:44:33 GMT]
Access-Control-Allow-Headers: [*]
Content-Type: [application/json; charset=utf-8]

{"ip":"42.186.71.186","success":true,"type":"IPv4","continent":"Asia","continent_code":"AS","country":"China","country_code":"CN","country_flag":"https:\/\/cdn.ipwhois.io\/flags\/cn.svg","country_capital":"Beijing","country_phone":"+86","country_neighbours":"AF,BT,HK,IN,KG,KP,KZ,LA,MM,MN,MO,NP,PK,RU,TJ,VN","region":"Guangdong Province","city":"Guangzhou","latitude":23.12911,"longitude":113.264385,"asn":"AS45062","org":"Guangzhou Netease Computer System Co., LTD","isp":"Netease Building No.1 Ke Yun Road,","timezone":"Asia\/Shanghai","timezone_name":"CST","timezone_dstOffset":0,"timezone_gmtOffset":28800,"timezone_gmt":"+08:00","currency":"Chinese Yuan","currency_code":"CNY","currency_symbol":"\u00a5","currency_rates":7.268,"currency_plural":"Chinese yuan"}</detail>
        <testCaseName>Activity 4</testCaseName>
        <testStepName>Get Request</testStepName>
      </error>
    </failedTestSteps>
    <testStepResults>
      <result>
        <timeTaken>0</timeTaken>
        <name>Data Source</name>
        <started>21:14:32.680</started>
        <message>Step 1 [Data Source] PASS: took 0 ms</message>
        <order>2</order>
        <status>PASS</status>
      </result>
      <result>
        <timeTaken>93</timeTaken>
        <name>Get Request</name>
        <started>21:14:32.684</started>
        <message>Step 2 [Get Request] PASS: took 93 ms</message>
        <order>3</order>
        <status>PASS</status>
      </result>
      <result>
        <timeTaken>0</timeTaken>
        <name>Data Source Loop</name>
        <started>21:14:32.786</started>
        <message>Step 3 [Data Source Loop] PASS: took 0 ms
 -> Data Row 1</message>
        <order>4</order>
        <status>PASS</status>
      </result>
      <result>
        <timeTaken>46</timeTaken>
        <name>Get Request</name>
        <started>21:14:32.787</started>
        <message>Step 4 [Get Request] FAIL: took 46 ms
 -> [JSONPath Match] Comparison failed. Path: [$['country']]; Expected value: ["United States"]; Actual value: [China].</message>
        <order>5</order>
        <status>FAIL</status>
      </result>
      <result>
        <timeTaken>0</timeTaken>
        <name>Data Source Loop</name>
        <started>21:14:32.845</started>
        <message>Step 5 [Data Source Loop] PASS: took 0 ms
 -> Data Row 2</message>
        <order>6</order>
        <status>PASS</status>
      </result>
      <result>
        <timeTaken>47</timeTaken>
        <name>Get Request</name>
        <started>21:14:32.847</started>
        <message>Step 6 [Get Request] PASS: took 47 ms</message>
        <order>7</order>
        <status>PASS</status>
      </result>
      <result>
        <timeTaken>0</timeTaken>
        <name>Data Source Loop</name>
        <started>21:14:32.902</started>
        <message>Step 7 [Data Source Loop] PASS: took 0 ms
 -> Data Row 3</message>
        <order>8</order>
        <status>PASS</status>
      </result>
    </testStepResults>
  </testCase>
  <testCase>
    <timeTaken>59</timeTaken>
    <startTime>21:14:32</startTime>
    <testCaseName>Activity 5</testCaseName>
    <status>PASS</status>
    <testCaseId>7e91e4b1-d794-49b5-933a-d9aded69ecd7</testCaseId>
    <testStepParameters>
      <parameters>
        <iconPath>/teststeps.gif</iconPath>
        <testStepName>Data Source</testStepName>
      </parameters>
      <parameters>
        <iconPath>/rest_request_step.svg</iconPath>
        <testStepName>Get Request</testStepName>
      </parameters>
      <parameters>
        <iconPath>/teststeps.gif</iconPath>
        <testStepName>Data Source Loop</testStepName>
      </parameters>
    </testStepParameters>
    <failedTestSteps/>
    <testStepResults>
      <result>
        <timeTaken>11</timeTaken>
        <name>Data Source</name>
        <started>21:14:32.939</started>
        <message>Step 1 [Data Source] PASS: took 11 ms</message>
        <order>2</order>
        <status>PASS</status>
      </result>
      <result>
        <timeTaken>48</timeTaken>
        <name>Get Request</name>
        <started>21:14:32.951</started>
        <message>Step 2 [Get Request] PASS: took 48 ms</message>
        <order>3</order>
        <status>PASS</status>
      </result>
      <result>
        <timeTaken>0</timeTaken>
        <name>Data Source Loop</name>
        <started>21:14:33.013</started>
        <message>Step 3 [Data Source Loop] PASS: took 0 ms
 -> Data Row 1</message>
        <order>4</order>
        <status>PASS</status>
      </result>
    </testStepResults>
  </testCase>
  <testCase>
    <timeTaken>569</timeTaken>
    <startTime>21:14:33</startTime>
    <testCaseName>Activity 6</testCaseName>
    <status>PASS</status>
    <testCaseId>6d74edc4-88c6-47b7-a323-78376679103a</testCaseId>
    <testStepParameters>
      <parameters>
        <iconPath>/teststeps.gif</iconPath>
        <testStepName>Data Source</testStepName>
      </parameters>
      <parameters>
        <iconPath>/rest_request_step.svg</iconPath>
        <testStepName>Get Request</testStepName>
      </parameters>
      <parameters>
        <iconPath>/property_transfer_step.svg</iconPath>
        <testStepName>Property Transfer</testStepName>
      </parameters>
      <parameters>
        <iconPath>/teststeps.gif</iconPath>
        <testStepName>Data Sink</testStepName>
      </parameters>
      <parameters>
        <iconPath>/teststeps.gif</iconPath>
        <testStepName>Data Source Loop</testStepName>
      </parameters>
      <parameters>
        <iconPath>/rest_request_step.svg</iconPath>
        <testStepName>Get Request</testStepName>
      </parameters>
      <parameters>
        <iconPath>/property_transfer_step.svg</iconPath>
        <testStepName>Property Transfer</testStepName>
      </parameters>
      <parameters>
        <iconPath>/teststeps.gif</iconPath>
        <testStepName>Data Sink</testStepName>
      </parameters>
      <parameters>
        <iconPath>/teststeps.gif</iconPath>
        <testStepName>Data Source Loop</testStepName>
      </parameters>
      <parameters>
        <iconPath>/rest_request_step.svg</iconPath>
        <testStepName>Get Request</testStepName>
      </parameters>
      <parameters>
        <iconPath>/property_transfer_step.svg</iconPath>
        <testStepName>Property Transfer</testStepName>
      </parameters>
      <parameters>
        <iconPath>/teststeps.gif</iconPath>
        <testStepName>Data Sink</testStepName>
      </parameters>
      <parameters>
        <iconPath>/teststeps.gif</iconPath>
        <testStepName>Data Source Loop</testStepName>
      </parameters>
      <parameters>
        <iconPath>/rest_request_step.svg</iconPath>
        <testStepName>Get Request</testStepName>
      </parameters>
      <parameters>
        <iconPath>/property_transfer_step.svg</iconPath>
        <testStepName>Property Transfer</testStepName>
      </parameters>
      <parameters>
        <iconPath>/teststeps.gif</iconPath>
        <testStepName>Data Sink</testStepName>
      </parameters>
      <parameters>
        <iconPath>/teststeps.gif</iconPath>
        <testStepName>Data Source Loop</testStepName>
      </parameters>
      <parameters>
        <iconPath>/rest_request_step.svg</iconPath>
        <testStepName>Get Request</testStepName>
      </parameters>
      <parameters>
        <iconPath>/property_transfer_step.svg</iconPath>
        <testStepName>Property Transfer</testStepName>
      </parameters>
      <parameters>
        <iconPath>/teststeps.gif</iconPath>
        <testStepName>Data Sink</testStepName>
      </parameters>
      <parameters>
        <iconPath>/teststeps.gif</iconPath>
        <testStepName>Data Source Loop</testStepName>
      </parameters>
      <parameters>
        <iconPath>/rest_request_step.svg</iconPath>
        <testStepName>Get Request</testStepName>
      </parameters>
      <parameters>
        <iconPath>/property_transfer_step.svg</iconPath>
        <testStepName>Property Transfer</testStepName>
      </parameters>
      <parameters>
        <iconPath>/teststeps.gif</iconPath>
        <testStepName>Data Sink</testStepName>
      </parameters>
      <parameters>
        <iconPath>/teststeps.gif</iconPath>
        <testStepName>Data Source Loop</testStepName>
      </parameters>
      <parameters>
        <iconPath>/rest_request_step.svg</iconPath>
        <testStepName>Get Request</testStepName>
      </parameters>
      <parameters>
        <iconPath>/property_transfer_step.svg</iconPath>
        <testStepName>Property Transfer</testStepName>
      </parameters>
      <parameters>
        <iconPath>/teststeps.gif</iconPath>
        <testStepName>Data Sink</testStepName>
      </parameters>
      <parameters>
        <iconPath>/teststeps.gif</iconPath>
        <testStepName>Data Source Loop</testStepName>
      </parameters>
      <parameters>
        <iconPath>/rest_request_step.svg</iconPath>
        <testStepName>Get Request</testStepName>
      </parameters>
      <parameters>
        <iconPath>/property_transfer_step.svg</iconPath>
        <testStepName>Property Transfer</testStepName>
      </parameters>
      <parameters>
        <iconPath>/teststeps.gif</iconPath>
        <testStepName>Data Sink</testStepName>
      </parameters>
      <parameters>
        <iconPath>/teststeps.gif</iconPath>
        <testStepName>Data Source Loop</testStepName>
      </parameters>
      <parameters>
        <iconPath>/rest_request_step.svg</iconPath>
        <testStepName>Get Request</testStepName>
      </parameters>
      <parameters>
        <iconPath>/property_transfer_step.svg</iconPath>
        <testStepName>Property Transfer</testStepName>
      </parameters>
      <parameters>
        <iconPath>/teststeps.gif</iconPath>
        <testStepName>Data Sink</testStepName>
      </parameters>
      <parameters>
        <iconPath>/teststeps.gif</iconPath>
        <testStepName>Data Source Loop</testStepName>
      </parameters>
      <parameters>
        <iconPath>/rest_request_step.svg</iconPath>
        <testStepName>Get Request</testStepName>
      </parameters>
      <parameters>
        <iconPath>/property_transfer_step.svg</iconPath>
        <testStepName>Property Transfer</testStepName>
      </parameters>
      <parameters>
        <iconPath>/teststeps.gif</iconPath>
        <testStepName>Data Sink</testStepName>
      </parameters>
      <parameters>
        <iconPath>/teststeps.gif</iconPath>
        <testStepName>Data Source Loop</testStepName>
      </parameters>
    </testStepParameters>
    <failedTestSteps/>
    <testStepResults>
      <result>
        <timeTaken>0</timeTaken>
        <name>Data Source</name>
        <started>21:14:33.051</started>
        <message>Step 1 [Data Source] PASS: took 0 ms</message>
        <order>2</order>
        <status>PASS</status>
      </result>
      <result>
        <timeTaken>48</timeTaken>
        <name>Get Request</name>
        <started>21:14:33.052</started>
        <message>Step 2 [Get Request] PASS: took 48 ms</message>
        <order>3</order>
        <status>PASS</status>
      </result>
      <result>
        <timeTaken>0</timeTaken>
        <name>Property Transfer</name>
        <started>21:14:33.109</started>
        <message>Step 3 [Property Transfer] PASS: took 0 ms
 -> Performed transfer [city]
 -> Performed transfer [latitude]
 -> Performed transfer [longitude]</message>
        <order>4</order>
        <status>PASS</status>
      </result>
      <result>
        <timeTaken>6</timeTaken>
        <name>Data Sink</name>
        <started>21:14:33.111</started>
        <message>Step 4 [Data Sink] PASS: took 6 ms</message>
        <order>5</order>
        <status>PASS</status>
      </result>
      <result>
        <timeTaken>0</timeTaken>
        <name>Data Source Loop</name>
        <started>21:14:33.119</started>
        <message>Step 5 [Data Source Loop] PASS: took 0 ms
 -> Data Row 1</message>
        <order>6</order>
        <status>PASS</status>
      </result>
      <result>
        <timeTaken>46</timeTaken>
        <name>Get Request</name>
        <started>21:14:33.120</started>
        <message>Step 6 [Get Request] PASS: took 46 ms</message>
        <order>7</order>
        <status>PASS</status>
      </result>
      <result>
        <timeTaken>0</timeTaken>
        <name>Property Transfer</name>
        <started>21:14:33.180</started>
        <message>Step 7 [Property Transfer] PASS: took 0 ms
 -> Performed transfer [city]
 -> Performed transfer [latitude]
 -> Performed transfer [longitude]</message>
        <order>8</order>
        <status>PASS</status>
      </result>
      <result>
        <timeTaken>6</timeTaken>
        <name>Data Sink</name>
        <started>21:14:33.182</started>
        <message>Step 8 [Data Sink] PASS: took 6 ms</message>
        <order>9</order>
        <status>PASS</status>
      </result>
      <result>
        <timeTaken>0</timeTaken>
        <name>Data Source Loop</name>
        <started>21:14:33.190</started>
        <message>Step 9 [Data Source Loop] PASS: took 0 ms
 -> Data Row 2</message>
        <order>10</order>
        <status>PASS</status>
      </result>
      <result>
        <timeTaken>48</timeTaken>
        <name>Get Request</name>
        <started>21:14:33.191</started>
        <message>Step 10 [Get Request] PASS: took 48 ms</message>
        <order>11</order>
        <status>PASS</status>
      </result>
      <result>
        <timeTaken>0</timeTaken>
        <name>Property Transfer</name>
        <started>21:14:33.249</started>
        <message>Step 11 [Property Transfer] PASS: took 0 ms
 -> Performed transfer [city]
 -> Performed transfer [latitude]
 -> Performed transfer [longitude]</message>
        <order>12</order>
        <status>PASS</status>
      </result>
      <result>
        <timeTaken>14</timeTaken>
        <name>Data Sink</name>
        <started>21:14:33.251</started>
        <message>Step 12 [Data Sink] PASS: took 14 ms</message>
        <order>13</order>
        <status>PASS</status>
      </result>
      <result>
        <timeTaken>0</timeTaken>
        <name>Data Source Loop</name>
        <started>21:14:33.267</started>
        <message>Step 13 [Data Source Loop] PASS: took 0 ms
 -> Data Row 3</message>
        <order>14</order>
        <status>PASS</status>
      </result>
      <result>
        <timeTaken>48</timeTaken>
        <name>Get Request</name>
        <started>21:14:33.269</started>
        <message>Step 14 [Get Request] PASS: took 48 ms</message>
        <order>15</order>
        <status>PASS</status>
      </result>
      <result>
        <timeTaken>1</timeTaken>
        <name>Property Transfer</name>
        <started>21:14:33.329</started>
        <message>Step 15 [Property Transfer] PASS: took 1 ms
 -> Performed transfer [city]
 -> Performed transfer [latitude]
 -> Performed transfer [longitude]</message>
        <order>16</order>
        <status>PASS</status>
      </result>
      <result>
        <timeTaken>5</timeTaken>
        <name>Data Sink</name>
        <started>21:14:33.331</started>
        <message>Step 16 [Data Sink] PASS: took 5 ms</message>
        <order>17</order>
        <status>PASS</status>
      </result>
      <result>
        <timeTaken>0</timeTaken>
        <name>Data Source Loop</name>
        <started>21:14:33.338</started>
        <message>Step 17 [Data Source Loop] PASS: took 0 ms
 -> Data Row 4</message>
        <order>18</order>
        <status>PASS</status>
      </result>
      <result>
        <timeTaken>55</timeTaken>
        <name>Get Request</name>
        <started>21:14:33.340</started>
        <message>Step 18 [Get Request] PASS: took 55 ms</message>
        <order>19</order>
        <status>PASS</status>
      </result>
      <result>
        <timeTaken>0</timeTaken>
        <name>Property Transfer</name>
        <started>21:14:33.404</started>
        <message>Step 19 [Property Transfer] PASS: took 0 ms
 -> Performed transfer [city]
 -> Performed transfer [latitude]
 -> Performed transfer [longitude]</message>
        <order>20</order>
        <status>PASS</status>
      </result>
      <result>
        <timeTaken>5</timeTaken>
        <name>Data Sink</name>
        <started>21:14:33.406</started>
        <message>Step 20 [Data Sink] PASS: took 5 ms</message>
        <order>21</order>
        <status>PASS</status>
      </result>
      <result>
        <timeTaken>0</timeTaken>
        <name>Data Source Loop</name>
        <started>21:14:33.413</started>
        <message>Step 21 [Data Source Loop] PASS: took 0 ms
 -> Data Row 5</message>
        <order>22</order>
        <status>PASS</status>
      </result>
      <result>
        <timeTaken>47</timeTaken>
        <name>Get Request</name>
        <started>21:14:33.415</started>
        <message>Step 22 [Get Request] PASS: took 47 ms</message>
        <order>23</order>
        <status>PASS</status>
      </result>
      <result>
        <timeTaken>1</timeTaken>
        <name>Property Transfer</name>
        <started>21:14:33.471</started>
        <message>Step 23 [Property Transfer] PASS: took 1 ms
 -> Performed transfer [city]
 -> Performed transfer [latitude]
 -> Performed transfer [longitude]</message>
        <order>24</order>
        <status>PASS</status>
      </result>
      <result>
        <timeTaken>5</timeTaken>
        <name>Data Sink</name>
        <started>21:14:33.473</started>
        <message>Step 24 [Data Sink] PASS: took 5 ms</message>
        <order>25</order>
        <status>PASS</status>
      </result>
      <result>
        <timeTaken>0</timeTaken>
        <name>Data Source Loop</name>
        <started>21:14:33.480</started>
        <message>Step 25 [Data Source Loop] PASS: took 0 ms
 -> Data Row 6</message>
        <order>26</order>
        <status>PASS</status>
      </result>
      <result>
        <timeTaken>51</timeTaken>
        <name>Get Request</name>
        <started>21:14:33.481</started>
        <message>Step 26 [Get Request] PASS: took 51 ms</message>
        <order>27</order>
        <status>PASS</status>
      </result>
      <result>
        <timeTaken>1</timeTaken>
        <name>Property Transfer</name>
        <started>21:14:33.553</started>
        <message>Step 27 [Property Transfer] PASS: took 1 ms
 -> Performed transfer [city]
 -> Performed transfer [latitude]
 -> Performed transfer [longitude]</message>
        <order>28</order>
        <status>PASS</status>
      </result>
      <result>
        <timeTaken>5</timeTaken>
        <name>Data Sink</name>
        <started>21:14:33.556</started>
        <message>Step 28 [Data Sink] PASS: took 5 ms</message>
        <order>29</order>
        <status>PASS</status>
      </result>
      <result>
        <timeTaken>0</timeTaken>
        <name>Data Source Loop</name>
        <started>21:14:33.564</started>
        <message>Step 29 [Data Source Loop] PASS: took 0 ms
 -> Data Row 7</message>
        <order>30</order>
        <status>PASS</status>
      </result>
      <result>
        <timeTaken>63</timeTaken>
        <name>Get Request</name>
        <started>21:14:33.566</started>
        <message>Step 30 [Get Request] PASS: took 63 ms</message>
        <order>31</order>
        <status>PASS</status>
      </result>
      <result>
        <timeTaken>1</timeTaken>
        <name>Property Transfer</name>
        <started>21:14:33.638</started>
        <message>Step 31 [Property Transfer] PASS: took 1 ms
 -> Performed transfer [city]
 -> Performed transfer [latitude]
 -> Performed transfer [longitude]</message>
        <order>32</order>
        <status>PASS</status>
      </result>
      <result>
        <timeTaken>5</timeTaken>
        <name>Data Sink</name>
        <started>21:14:33.641</started>
        <message>Step 32 [Data Sink] PASS: took 5 ms</message>
        <order>33</order>
        <status>PASS</status>
      </result>
      <result>
        <timeTaken>0</timeTaken>
        <name>Data Source Loop</name>
        <started>21:14:33.649</started>
        <message>Step 33 [Data Source Loop] PASS: took 0 ms
 -> Data Row 8</message>
        <order>34</order>
        <status>PASS</status>
      </result>
      <result>
        <timeTaken>48</timeTaken>
        <name>Get Request</name>
        <started>21:14:33.651</started>
        <message>Step 34 [Get Request] PASS: took 48 ms</message>
        <order>35</order>
        <status>PASS</status>
      </result>
      <result>
        <timeTaken>1</timeTaken>
        <name>Property Transfer</name>
        <started>21:14:33.729</started>
        <message>Step 35 [Property Transfer] PASS: took 1 ms
 -> Performed transfer [city]
 -> Performed transfer [latitude]
 -> Performed transfer [longitude]</message>
        <order>36</order>
        <status>PASS</status>
      </result>
      <result>
        <timeTaken>5</timeTaken>
        <name>Data Sink</name>
        <started>21:14:33.732</started>
        <message>Step 36 [Data Sink] PASS: took 5 ms</message>
        <order>37</order>
        <status>PASS</status>
      </result>
      <result>
        <timeTaken>0</timeTaken>
        <name>Data Source Loop</name>
        <started>21:14:33.739</started>
        <message>Step 37 [Data Source Loop] PASS: took 0 ms
 -> Data Row 9</message>
        <order>38</order>
        <status>PASS</status>
      </result>
      <result>
        <timeTaken>50</timeTaken>
        <name>Get Request</name>
        <started>21:14:33.741</started>
        <message>Step 38 [Get Request] PASS: took 50 ms</message>
        <order>39</order>
        <status>PASS</status>
      </result>
      <result>
        <timeTaken>1</timeTaken>
        <name>Property Transfer</name>
        <started>21:14:33.802</started>
        <message>Step 39 [Property Transfer] PASS: took 1 ms
 -> Performed transfer [city]
 -> Performed transfer [latitude]
 -> Performed transfer [longitude]</message>
        <order>40</order>
        <status>PASS</status>
      </result>
      <result>
        <timeTaken>3</timeTaken>
        <name>Data Sink</name>
        <started>21:14:33.806</started>
        <message>Step 40 [Data Sink] PASS: took 3 ms</message>
        <order>41</order>
        <status>PASS</status>
      </result>
      <result>
        <timeTaken>0</timeTaken>
        <name>Data Source Loop</name>
        <started>21:14:33.810</started>
        <message>Step 41 [Data Source Loop] PASS: took 0 ms
 -> Data Row 10</message>
        <order>42</order>
        <status>PASS</status>
      </result>
    </testStepResults>
  </testCase>
</testSuiteResults>